acc,epoch,loss,step,val_acc,val_loss
0.59375,0,1.0865418910980225,49,,
0.65625,0,0.9539831280708313,99,,
0.65625,0,0.8462138772010803,149,,
0.78125,0,0.7322686910629272,199,,
0.765625,0,0.6538181900978088,249,,
0.65625,0,1.0171929597854614,299,,
0.734375,0,0.7251554727554321,349,,
0.765625,0,0.5918524861335754,399,,
,0,,418,0.7159922122955322,0.8205320835113525
0.84375,1,0.5185689926147461,449,,
0.75,1,0.5777674317359924,499,,
0.703125,1,0.8616567850112915,549,,
0.828125,1,0.4628661572933197,599,,
0.796875,1,0.5367344617843628,649,,
0.734375,1,0.7304712533950806,699,,
0.78125,1,0.6766121983528137,749,,
0.921875,1,0.4164332151412964,799,,
,1,,837,0.7970733046531677,0.6211653351783752
0.875,2,0.45093050599098206,849,,
0.828125,2,0.6248732805252075,899,,
0.796875,2,0.5831907987594604,949,,
0.734375,2,0.650131344795227,999,,
0.875,2,0.3748100996017456,1049,,
0.859375,2,0.44624975323677063,1099,,
0.859375,2,0.3688594102859497,1149,,
0.765625,2,0.5658869743347168,1199,,
0.8125,2,0.5641341805458069,1249,,
,2,,1256,0.7851276397705078,0.6849348545074463
0.8125,3,0.5527641773223877,1299,,
0.84375,3,0.38607141375541687,1349,,
0.875,3,0.5008363723754883,1399,,
0.765625,3,0.6336358189582825,1449,,
0.703125,3,0.6176044344902039,1499,,
0.828125,3,0.46486029028892517,1549,,
0.9375,3,0.2858756184577942,1599,,
0.796875,3,0.553441047668457,1649,,
,3,,1675,0.857548177242279,0.4244769811630249
0.859375,4,0.43359139561653137,1699,,
0.890625,4,0.37131574749946594,1749,,
0.796875,4,0.5204963088035583,1799,,
0.8125,4,0.555641770362854,1849,,
0.890625,4,0.373026967048645,1899,,
0.859375,4,0.3778728246688843,1949,,
0.84375,4,0.3882758617401123,1999,,
0.828125,4,0.5257595777511597,2049,,
,4,,2094,0.8460504412651062,0.45984113216400146
