acc,epoch,loss,step,val_acc,val_loss
0.6875,0,0.8364236354827881,49,,
0.734375,0,0.7444803714752197,99,,
,0,,104,0.7811940312385559,0.6173151731491089
0.859375,1,0.35224422812461853,149,,
0.796875,1,0.5620094537734985,199,,
,1,,209,0.8382089734077454,0.48522278666496277
0.859375,2,0.4291963577270508,249,,
0.796875,2,0.633883535861969,299,,
,2,,314,0.8280596733093262,0.48174089193344116
0.890625,3,0.4109705090522766,349,,
0.78125,3,0.5352516174316406,399,,
,3,,419,0.8808954954147339,0.372196763753891
0.921875,4,0.2023424357175827,449,,
0.84375,4,0.3274710476398468,499,,
,4,,524,0.8677611947059631,0.38929855823516846
