acc,epoch,loss,step,val_acc,val_loss
0.65625,0,0.843872606754303,49,,
0.734375,0,0.6009848713874817,99,,
0.890625,0,0.4702332317829132,149,,
0.875,0,0.5729489922523499,199,,
,0,,209,0.8348760604858398,0.5077849626541138
0.8125,1,0.7014676332473755,249,,
0.796875,1,0.5258570909500122,299,,
0.890625,1,0.40879690647125244,349,,
0.84375,1,0.41894766688346863,399,,
,1,,419,0.876380980014801,0.38530638813972473
0.828125,2,0.4409862160682678,449,,
0.921875,2,0.30768057703971863,499,,
0.84375,2,0.3736110329627991,549,,
0.8125,2,0.37704259157180786,599,,
,2,,629,0.8853389024734497,0.34578582644462585
0.953125,3,0.2203773409128189,649,,
0.890625,3,0.2746657133102417,699,,
0.859375,3,0.4941883385181427,749,,
0.921875,3,0.2582307755947113,799,,
,3,,839,0.899372935295105,0.3051013946533203
0.890625,4,0.2734676003456116,849,,
0.8125,4,0.44492316246032715,899,,
0.78125,4,0.5921148061752319,949,,
0.890625,4,0.39623528718948364,999,,
0.8235294222831726,4,0.3146302402019501,1049,,
,4,,1049,0.9068378806114197,0.2957289218902588
