acc,epoch,loss,step,val_acc,val_loss
0.8125,0,0.5156241655349731,49,,
0.875,0,0.37463703751564026,99,,
,0,,104,0.8802984952926636,0.41055622696876526
0.890625,1,0.4153696298599243,149,,
0.890625,1,0.38448405265808105,199,,
,1,,209,0.9014925360679626,0.31780534982681274
0.921875,2,0.2946283519268036,249,,
0.9375,2,0.20709441602230072,299,,
,2,,314,0.9170148968696594,0.27669087052345276
0.84375,3,0.35362663865089417,349,,
0.90625,3,0.35705241560935974,399,,
,3,,419,0.9194029569625854,0.2862800657749176
0.90625,4,0.20418646931648254,449,,
0.9375,4,0.17827551066875458,499,,
,4,,524,0.9307462573051453,0.24060484766960144
